0,Dosedel,S.
1,Ljubicic,I.
2,Enqvist,T.
3,Clement,A.
4,Escude,N.
5,Baccanello,P.
6,Federer,R.
7,Knippschild,J.
8,Fromberg,R.
9,Woodbridge,T.
10,Gambill,J.M.
11,Arthurs,W.
12,Grosjean,S.
13,Ilie,A.
14,Henman,T.
15,Balcells,J.
16,Hewitt,L.
17,Woodforde,M.
18,Lisnard,J.
19,Tebbutt,M.
20,Martin,A.
21,Spadea,V.
22,Norman,M.
23,Draper,S.
24,Petrovic,D.
25,Huet,S.
26,Sekulov,J.
27,Pozzi,G.
28,Stoltenberg,J.
29,Hrbaty,D.
30,Vinck,C.
31,Goldstein,P.
32,Agenor,R.
33,Kumar,S.
34,Behrend,T.
35,Popp,A.
36,Damm,M.
37,Rochus,C.
38,Delgado,J.
39,Black,B.
40,Golmard,J.
41,Spottl,M.
42,Hantschk,M.
43,Tieleman,L.
44,Jonsson,F.
45,Kroslak,J.
46,Ketola,T.
47,Ogorodov,O.
48,Manta,L.
49,Zib,T.
50,Paes,L.
51,Boutter,J.
52,Pioline,C.
53,Ram,A.
54,Sanguinetti,D.
55,Voinea,A.
56,Stanoytchev,O.
57,Kilderry,P.
58,Tabara,M.
59,Kafelnikov,Y.
60,Vanek,J.
61,Ishii,Y.
62,Vinciguerra,A.
63,Lopez-Moron,A.
64,Bastl,G.
65,Novak,J.
66,Berasategui,A.
67,Al-Alawi,S.K.
68,Caratti,C.
69,Heuberger,I.
70,Cherkasov,A.
71,Arazi,H.
72,El Aynaoui,Y.
73,Dupuis,A.
74,Gaudio,G.
75,Luxa,P.
76,Kiefer,N.
77,Tarango,J.
78,Marin,J.A.
79,Mantilla,F.
80,Mirnyi,M.
81,Puerta,M.
82,Santoro,F.
83,Burgsmuller,L.
84,Schalken,S.
85,Diaz,J.
86,Schuettler,R.
87,Sanchez,J.
88,Squillari,F.
89,Siemerink,J.
90,Tillstrom,M.
91,Ivanisevic,G.
92,Vacek,D.
93,Vicente,F.
94,van Lottum,J.
95,Blanco,G.
96,Chang,M.
97,Ferrero,J.C.
98,Sargsian,S.
99,Gustafsson,M.
100,Nielsen,M.
101,Haas,T.
102,Johansson,T.
103,Weiner,G.
104,Costa,F.
105,Bjorkman,J.
106,Rosset,M.
107,Sell,M.
108,Woodruff,C.
109,Clavet,F.
110,Kuerten,G.
111,Zabaleta,M.
112,Corretja,A.
113,Ullyett,K.
114,Costa,A.
115,Koubek,S.
116,Meligeni,F.
117,Kucera,K.
118,Lapentti,N.
119,Safin,M.
120,Martin,T.
121,Medvedev,A.
122,Agassi,A.
123,Alami,K.
124,Alonso,J.
125,Black,W.
126,Rodriguez,M.
127,Parmar,A.
128,Courier,J.
129,Ferreira,W.
130,Motomura,G.
131,Saulnier,C.
132,Hill,M.
133,Karbacher,B.
134,Kulti,N.
135,Canas,G.
136,Cadart,R.
137,Krajicek,R.
138,Llodra,M.
139,Mamiit,C.
140,Hipfl,M.
141,Philippoussis,M.
142,Okun,N.
143,Portas,A.
144,Pretzsch,A.
145,O'Brien,A.
146,Sampras,P.
147,Sluiter,R.
148,Gaudenzi,A.
149,Sirianni,J.
150,Srichaphan,P.
151,Stafford,G.
152,Lareau,S.
153,Wessels,P.
154,Gumy,H.
155,Gross,O.
156,Alvarez,E.
157,Pavel,A.
158,Prinosil,D.
159,di Pasquale,A.
160,Guardiola,T.
161,Roux,L.
162,Raoux,G.
163,King,P.
164,Taino,E.
165,Salzenstein,J.
166,Gimelstob,J.
167,Blake,J.
168,Larsson,M.
169,Liukko,V.
170,Malisse,X.
171,Humphries,S.
172,Massu,N.
173,Levy,H.
174,MacPhie,B.
175,Jensen,L.
176,Etlis,G.
177,Knowles,M.
178,Reneberg,R.
179,Sa,A.
180,Bryan,B.
181,Dewulf,F.
182,Rusedski,G.
183,Chela,J.I.
184,Hernandez,A.
185,Ulihrach,B.
186,Bruguera,S.
187,Viloca,J.A.
188,Pless,K.
189,Bryan,M.
190,Calatrava,A.
191,Stark,J.
192,Rafter,P.
193,Szymanski,J.
194,Roddick,A.
195,Kratochvil,M.
196,Gonzalez,F.
197,Calleri,A.
198,Garcia,A.
199,Hood,M.
200,Rios,M.
201,Gonzalez,P.
202,Hadad,M.
203,Prieto,S.
204,Cortes,J.
205,Ondruska,M.
206,Moya,C.
207,Dent,T.
208,Nalbandian,D.
209,Fish,M.
210,Ruud,C.
211,Kim,K.
212,Harper-Griffith,L.
213,Russell,M.
214,Browne,F.
215,Stoliarov,A.
216,Coutelot,N.
217,El Aarej,M.
218,Tahiri,M.
219,Youzhny,M.
220,Willems,R.
221,Wiltschnig,H.
222,Mota,B.
223,Marques,N.
224,Burrieza,O.
225,Lopez,F.
226,Robredo,T.
227,Navarro,S.
228,Puentes,G.
229,Garcia,M.
230,Coria,G.
231,Goellner,M.K.
232,Fahlke,A.
233,Delgado,R.
234,Armando,H.
235,Sabau,R.
236,Furlan,R.
237,Kohlmann,M.
238,Melzer,J.
239,Giner,J.
240,Charpentier,M.
241,Eschauer,W.
242,Mahut,N.
243,Serrano,O.
244,Prodon,E.
245,Savolt,A.
246,Phau,B.
247,Trifu,G.
248,Witt,A.
249,Cowan,B.
250,Nestor,D.
251,Lee,M.
252,Wheaton,D.
253,Landsberg,J.
254,Palmer,J.
255,Braasch,K.
256,Boruszewski,J.
257,Wassen,R.
258,van Scheppingen,D.
259,Gaudi,I.
260,Bower,J.
261,Godwin,N.
262,Bhupathi,M.
263,MacLagan,M.
264,Rochus,O.
265,Voltchkov,V.
266,Timfjord,N.
267,Johansson,J.
268,Fleischfresser,T.
269,Arnold,L.
270,Thomann,N.
271,Thomas,J.
272,Morrison,J.
273,Verkerk,M.
274,Davydenko,N.
275,Tiilikainen,K.
276,Kempes,E.
277,Filippini,M.
278,Roitman,S.
279,Elsner,D.
280,Hernych,J.
281,Miketa,D.
282,Carretero,R.
283,Peschek,D.
284,Zovko,L.
285,Martelli,M.
286,Vajda,I.
287,Kralert,P.
288,Sanchez,D.
289,Schranz,W.
290,Moretti,H.
291,Trimmel,C.
292,Vasek,R.
293,Fasching,A.
294,Luzzi,F.
295,Cabello,F.
296,Mathieu,P.H.
297,Cobolli,S.
298,Nargiso,D.
299,Malcor,O.
300,Tramacchi,P.
301,Larose,S.
302,Niemeyer,F.
303,Mor,L.
304,Washington,M.
305,Capalik,K.
306,Caldwell,D.
307,Harsanyi,P.
308,Kim,A.
309,Kauffmann,C.
310,Lee,H.T.
311,Simoni,A.
312,Moldovan,I.
313,Herm-Zahlava,J.
314,Pescariu,D.
315,Erlich,J.
316,Kutsenko,V.
317,Tarallo,S.
318,Tong,M.
319,Galimberti,G.
320,Flygt,K.
321,Friedl,L.
322,Iwabuchi,S.
323,Suzuki,T.
324,Onoda,M.
325,Miyao,J.
326,Yoon,Y.
327,Mlynarik,Z.
328,Zhu,B.Q.
329,Zhang,Y.
330,Golovanov,D.
331,Bachelot,J.F.
332,Kornienko,I.
333,Childs,L.
334,Freelove,O.
335,Milligan,L.
336,Nieminen,J.
337,Froberg,J.
338,Ortegren,J.
339,Sarstrand,M.
340,Jones,A.
341,Smith,L.
342,Syed,F.
343,Zimonjic,N.
344,Schukin,Y.
345,Fukarek,O.
346,Breen,M.
347,Perry,T.
348,Svarc,L.
349,Hirigoyen,I.
350,Horna,L.
351,Moyano,D.
352,Tobon,M.
353,Behr,N.
354,Settergren,J.
355,Koll,H.
356,Arquez,P.
357,Acasuso,J.
358,Tursunov,D.
359,Eagle,J.
360,Bahrouzyan,O.
361,Saretta,F.
362,Vemic,D.
363,Ginepri,R.
364,Belal,C.
365,Vacek,J.
366,Couto,E.
367,Montanes,A.
368,Sousa,T.
369,Labadze,I.
370,Cermak,F.
371,Melo,D.
372,Volandri,F.
373,Navarra,M.
374,Santopadre,V.
375,Traykov,I.
376,Andersen,J.F.
377,Galvani,S.
378,Elseneer,G.
379,Carlsen,K.
380,Allegro,Y.
381,Hilton,M.
382,Derepasko,A.
383,Knowle,J.
384,Vlasov,D.
385,Radic,M.
386,Norman,D.
387,Mutis,O.
388,Lopez,M.
389,Tkalec,M.
390,Bozic,I.
391,Schiessling,T.
392,Marach,O.
393,Peya,A.
394,Joyce,M.
395,Cuadrado,C.
396,Pfeiffer,K.
397,Stepanek,R.
398,Fleishman,Z.
399,Brasington,J.
400,Bogomolov,Jr.A.
401,de Chaunac,S.
402,Peppas,S.
403,Ramirez Hidalgo,R.
404,Alves,T.
405,Mello,R.
406,Oncins,J.
407,Tomashevich,D.
408,Karlovic,I.
409,Jiang,S.
410,Wang,Y.
411,Koenig,R.
412,Terachi,T.
413,Shimada,T.
414,Hui,J.
415,Garcia-Sintes,J.
416,Zitko,R.
417,Kondo,H.
418,Udomchoke,D.
419,Benneteau,J.
420,Elgin,M.
421,Soderling,R.
422,Dupre,T.
423,Al Khulaifi,N.G.
424,Willman,D.
425,Reid,T.
426,Larkham,T.
427,Crabb,J.
428,Patience,O.
429,Gremelmayr,D.
430,Carraz,G.
431,Gicquel,M.
432,Ascione,T.
433,Daniel,M.
434,Hormazabal,G.
435,Silva,J.
436,Olguin,L.
437,Massa,E.
438,Mazarakis,V.
439,Ancic,M.
440,Matias,N.
441,Ferrer,D.
442,Verdasco,F.
443,Gasquet,R.
444,Krajan,Z.
445,Perez,D.
446,Marin,L.
447,Nadal-Parera,R.
448,Albert,M.
449,Kohlschreiber,P.
450,Ager,J.
451,Hadad,A.
452,Vassallo-Arguello,M.
453,Varlet,J.
454,Miranda,I.
455,Dreekmann,H.
456,Bogdanovic,A.
457,Moodie,W.
458,Coetzee,J.
459,Muller,G.
460,Ivanov-Smolensky,K.
461,Beck,K.
462,Guzman,J.P.
463,Economidis,K.
464,Mackin,A.
465,Waske,A.
466,Vahaly,B.
467,Prpic,F.
468,Fraile,G.
469,Hanescu,V.
470,Todero,N.
471,Blake,T.
472,Ellwood,B.
473,Kennedy,A.
474,Nijaki,R.
475,Dabrowski,B.
476,Dancevic,F.
477,Baker,B.
478,Agaev,E.
479,Ram,R.
480,Spracklin,T.
481,Hanley,P.
482,Lukaev,R.
483,Boeker,M.
484,Rehnquist,B.
485,Saoudi,S.
486,Kunitcin,I.
487,Amritraj,P.
488,Abel,M.
489,Craca,M.
490,Bohaboy,D.
491,Shvec,A.
492,Serra,F.
493,Vliegen,K.
494,Bopanna,R.
495,Lisnard,J.R.
496,Hantschek,M.
497,Khalfan,S.
498,Rea,S.
499,Kendrick,R.
500,Luczak,P.
501,Durek,R.
502,Lapentti,G.
503,Henry,R.
504,Bogomolov Jr.,A.
505,Gambill J.,M.
506,Gamonal,H.
507,Peralta,J.
508,Gallardo Valles,M.
509,Norby,R.
510,Dell'Acqua,M.
511,Gooding,J.
512,Ouahabi,T.
513,Hernandez,O.
514,Rocha,D.
515,Lopes,H.
516,Nadal,R.
517,Srichaphan,N.
518,Garcia-Lopez,G.
519,Kunitsyn,I.
520,Mathieu,P.
521,Schuettler,P.
522,Weinzierl,J.
523,Delfino,M.
524,Koderisch,C.
525,Scherrer,J.C.
526,de Voest,R.
527,Marray,J.
528,Logtens,P.
529,Moser,F.
530,Hemmes,F.
531,Petzschner,P.
532,Mertinak,M.
533,Bloomfield,R.
534,Andersson,H.
535,Prpic,A.
536,Lammer,M.
537,Wawrinka,S.
538,Brown,D.
539,Guccione,C.
540,Pescosolido,S.
541,Levinsky,J.
542,Starace,P.
543,Greul,S.
544,Levine,I.
545,Behrmann,M.
546,Reynolds,B.
547,Delic,A.
548,Ayala,D.
549,Tipsarevic,J.
550,Neumuller,I.
551,Mergea,F.
552,Vik,R.
553,Seppi,A.
554,Koellerer,D.
555,Karanusic,R.
556,Tuksar,S.
557,Yim,R.
558,Fyrstenberg,M.
559,Matkowski,M.
560,Urban,F.
561,Carlson,A.
562,Youzhny,A.
563,Ramirez-Hidalgo,R.
564,Berdych,T.
565,Quintero,M.
566,Ferreiro,F.
567,Capdeville,P.
568,Moraru,G.
569,Andreev,I.
570,Chiudinelli,M.
571,Ratiwatana,S.
572,Bogomolov,A.
573,di Mauro,A.
574,Veronelli,D.
575,Tenconi,T.
576,Almagro,N.
577,Aldi,F.
578,Zeng,S.X.
579,Snobel,P.
580,Ascione,A.
581,Iwami,T.
582,Scherrer,J.
583,Davletshin,V.
584,Andersen,J.
585,Chela,J.
586,Ferrero,J.
587,Mankad,H.
588,Rastogi,K.
589,Kucera,V.
590,Mayer,F.
591,Bracciali,D.
592,Bohli,S.
593,Hippensteel,K.
594,Reichel,A.
595,Monaco,J.
596,Cakl,T.
597,Braga,P.
598,Gallardo,M.
599,Al Ghareeb,M.
600,Evans,B.
601,Phillips,T.
602,Marcaccio,G.
603,Tavares,L.
604,Odesnik,W.
605,Robert,S.
606,Faurel,J.C.
607,Burniol,G.
608,Matos-Gil,I.
609,Devilder,N.
610,Vico,U.
611,Haas,P.
612,Pashanski,B.
613,Kindlmann,D.
614,Ziadi,M.
615,Ventura,S.
616,Vagnozzi,S.
617,Stoppini,A.
618,Haehnel,J.
619,Jeanpierre,J.
620,Falla,A.
621,Berrer,M.
622,Whitehouse,W.
623,Lu,Y.H.
624,Ancic,I.
625,Flanagan,I.
626,Qureshi,A.
627,Fitz,S.
628,Navarro-Pastor,I.
629,Wang,Y.T.
630,Hellstrom,M.
631,Gabashvili,T.
632,Verdasco,M.
633,Eleskovic,E.
634,van der Meer,N.
635,van Gemerden,M.
636,Przysiezny,M.
637,Cook,L.
638,Beck,A.
639,Rieschick,S.
640,Lu,Y.
641,Minar,I.
642,Gimeno,D.
643,Djokovic,N.
644,Kubot,L.
645,Yoo,D.
646,Baghdatis,M.
647,Jenkins,S.
648,Benneteau,A.
649,Healey,N.
650,Tsonga,J.W.
651,Lu,H.
652,Ionita,V.
653,Bohane,A.
654,Pedroso,A.
655,Widom,T.
656,Gimeno-Traver,D.
657,Roger-Vasselin,E.
658,Klec,I.
659,Simon,G.
660,Monfils,G.
661,Stakhovsky,S.
662,Gruber,K.
663,Rascon,T.
664,Ryderstedt,M.
665,Kimmich,M.
666,Abdulla,M.
667,Jones,G.D.
668,Bourgeois,L.
669,March,O.
670,Nunez,E.
671,Sun,P.
672,Parada,F.
673,Harboe,P.
674,Young,D.
675,Luczak,A.
676,Dailey,Z.
677,Minar,J.
678,Kuznetsov,A.
679,Tecau,H.
680,Fogues,F.
681,Murray,A.
682,Machado,R.
683,Condor,F.
684,Summerer,T.
685,Mirnegg,M.
686,Sela,D.
687,Brzezicki,J.P.
688,Dlouhy,L.
689,Goodall,J.
690,Uebel,L.
691,Klein,T.
692,Rettenmaier,T.
693,Sherwood,D.
694,Pospisil,J.
695,Oudsema,S.
696,Wilson,B.
697,Korteling,S.
698,Thron,A.
699,Berlocq,C.
700,Cilic,M.
701,Bozoljac,I.
702,Chadaj,A.
703,Smeets,R.
704,Simmonds,P.
705,Clayton,A.
706,Bester,P.
707,Steckley,R.
708,Wang Y.,Jr.
709,Gregorc,L.
710,Matsui,T.
711,Crivoi,V.
712,Fruttero,J.P.
713,Chen,T.
714,Do,M.Q.
715,Soeda,G.
716,Naso,G.
717,Sanchez de Luna,J.A.
718,Fognini,F.
719,Ittogi,T.
720,Kirillov,E.
721,Ledovskikh,M.
722,Eitzinger,R.
723,Lorenzi,P.
724,Junaid,R.
725,Uppal,V.
726,Sultan-Khalfan,A.
727,King-Turner,D.
728,Istomin,D.
729,Adaktusson,J.
730,Del Potro,J.M.
731,Aguilar,J.
732,Korolev,E.
733,Sidorenko,A.
734,Querry,S.
735,Warburg,S.
736,Ghem,A.
737,Meffert,D.
738,Van der Dium,A.
739,Gonzalez,S.
740,Witten,J.
741,Balleret,B.
742,Granollers-Pujol,M.
743,Salva,B.
744,Skoch,D.
745,Ouahab,L.
746,Peric,T.
747,Chardy,J.
748,Gil,F.
749,Luque,D.
750,Elias,G.
751,Azzaro,L.
752,Bolelli,S.
753,Popp,T.
754,Hartfield,D.
755,Montcourt,M.
756,Becker,B.
757,Baker,J.
758,Haase,R.
759,Zverev,M.
760,Dorsch,B.
761,Stadler,S.
762,Granollers,M.
763,Roshardt,R.
764,Vicente,M.
765,Kutac,R.
766,Levine,J.
767,Sijsling,I.
768,Darcis,S.
769,De Bakker,T.
770,Querrey,S.
771,Junqueira,D.
772,Haider-Mauer,A.
773,Patriarca,D.
774,Sandbichler,A.
775,Yani,M.
776,Cipolla,F.
777,Ianni,S.
778,Belic,L.
779,Panfil,G.
780,Sweeting,R.
781,Venus,M.
782,Dev Varman,S.
783,Polansky,P.
784,Hajek,J.
785,Yu,X.Y.
786,Wang,Y.Jr.
787,Dolgopolov,A.
788,Aranguren,J.M.
789,Smit,J.
790,Auckland,J.
791,Wagh,A.
792, Hajek,J.
793,Clemens,T.
794,Troicki,V.
795,Chaen,T.
796,Schuttler,P.
797,Kravchuk,K.
798,Fish,A.
799,Fischer,M.
800,Reister,J.
801,Gulbis,E.
802,Robredo,R.
803,Giraldo,S.
804,Jun,W.
805,Rosol,L.
806,Lacko,L.
807,Dutra Silva,R.
808,Andujar,P.
809,Schwank,E.
810,Huta Galung,J.
811,Guez,D.
812,Echagaray,B.
813,Fornell,M.
814,Gensse,A.
815,Ward,J.
816,Stepanek,M.
817,Dustov,F.
818,Chaki,R.
819,Sousa,P.
820,Brands,D.
821,Bachinger,M.
822,Eysseric,J.
823,Recouderc,L.
824,Nielsen,F.
825,Koning,M.
826,Guzman,J.
827,Guccione,A.
828,Goransson,T.
829,Tveit,E.
830,Isner,J.
831,Nishikori,K.
832,Gonzalez,M.
833,Riba,P.
834,Ruevski,P.
835,Olejniczak,D.
836,Klizan,M.
837,Anderson,K.
838,Cuevas,P.
839,McClune,M.
840,Jun,W.S.
841,Gard,C.
842,Lindahl,N.
843,Martin,D.
844,Wachiramanowong,K.
845,Siriluethaiwattana,P.
846,Singh,N.
847,Raja,P.
848,,fnisk.
849,Nam,H.W.
850,Matsukevitch,D.
851,Kamke,T.
852,Golubev,A.
853,Chekov,P.
854,Kukushkin,M.
855,Vardhan,V.
856,Kudryavtsev,A.
857,Haji,A.
858,Statham,R.
859,Jones,G.
860,Klein,B.
861,Slanar,M.
862,Podlipnik,H.
863,Marrero,D.
864,Bellucci,T.
865,Munoz de la Nava,D.
866,Decoud,S.
867,Bowles,C.
868,Crugnola,M.
869,Dodig,I.
870,Smyczek,T.
871,Rodriguez,B.
872,Ramirez,C.
873,Skugor,F.
874,Kavcic,B.
875,Cervenak,P.
876,Al-Ghareeb,M.
877,Nader,M.
878,Sousa,J.
879,Harrison,R.
880,Lopez-Jaen,M.A.
881,Trujillo,G.
882,Sanchez De Luna,J.
883,Marrai,M.
884,Del Potro,J.
885,Fabbiano,T.
886,Ouanna,J.
887,Mannarino,A.
888,Lipsky,S.
889,Evans,D.
890,Berankis,R.
891,Janowicz,J.
892,Dimitrov,G.
893,Middelkoop,M.
894,Groth,S.
895,Slabinsky,A.
896,Dabul,B.
897,Van der Merwe,I.
898,Eaton,C.
899,Qureshi,A.U.H.
900,Brizzi,A.
901,Cruciat,A.
902,O'Neal,J.
903,Oswald,P.
904,Mayer,L.
905,Veic,A.
906,Piccari,F.
907,Estrella,V.
908,Devvarman,S.
909,Ignatik,U.
910,De Heart,R.
911,Ball,C.
912,Krajicek,A.
913,Djokovic,M.
914,Xu,J.C.
915,Bai,Y.
916,Jouan,R.
917,Sugita,Y.
918,Ito,Y.
919,Ito,T.
920,Donskoy,E.
921,Lejnieks,K.
922,Tomic,B.
923,Hajji,A.
924,Statham,J.
925,Ebelthite,C.
926,Klaasen,R.
927,Anderson,A.
928,Hutchins,R.
929,Mektic,N.
930,Hocevar,R.
931,Silva,D.
932,Zampieri,C.
933,Poerschke,L.
934,Marchenko,I.
935,King,E.
936,Bhambri,Y.
937,El Amrani,R.
938,Riba-Madrid,P.
939,Krajinovic,F.
940,Zlatanovic,A.
941,Kloer,S.
942,Rufin,G.
943,Fleming,C.
944,Berta,D.
945,Zemlja,G.
946,Ghedin,R.
947,Zeballos,H.
948,Munoz-De La Nava,D.
949,Krawietz,K.
950,Britton,D.
951,Del Bonis,F.
952,Agostinelli,B.
953,Raonic,M.
954,Ilhan,M.
955,Buchanan,C.
956,Luncanu,P.A.
957,Copil,M.
958,Valent,R.
959,Gong,M.X.
960,Biryukov,M.
961,Kontinen,H.
962,Millot,V.
963,Vovk,S.
964,Dolgopolov,O.
965,Haider-Maurer,A.
966,Bautista,R.
967,Millman,J.
968,Ebden,M.
969,Yang,T.H.
970,Sorensen,L.
971,Maamoun,K.
972,Lemke,J.
973,Cervantes,I.
974,Matosevic,M.
975,Kubler,J.
976,Sergeyev,I.
977,Wolmarans,F.
978,Souza,J.
979,Saavedra Corvalan,C.
980,Jelenic,P.
981,Bemelmans,R.
982,Im,K.T.
983,Deheart,R.
984,Mertens,Y.
985,Niland,C.
986,Ramos-Vinolas,A.
987,Lajovic,D.
988,Gojowczyk,P.
989,Mina,G.
990,Paire,B.
991,Emmrich,M.
992,Alcaide,G.
993,Kudla,D.
994,Bubka,S.
995,Dasnieres de Veigy,J.
996,Lindell,C.
997,Knittel,B.
998,Sadecky,A.
999,Marti,Y.
1000,Velotti,A.
1001,Johnson,S.
1002,Melzer,G.
1003,Duclos,P.L.
1004,Lojda,D.
1005,Klahn,B.
1006,Sock,J.
1007,Ungur,A.
1008,Si,Y.M.
1009,Zhang,Z.
1010,Wu,D.
1011,Belyaev,I.
1012,Schoorel,T.
1013,Muster,T.
1014,Marti,J.
1015,Goffin,D.
1016,Sabry,S.
1017,Scholtz,N.
1018,Rios,F.
1019,Bagnis,F.
1020,Romboli,F.
1021,Clezar,G.
1022,Kuznetsov,Al.
1023,Farah,R.
1024,Borvanov,R.
1025,Galdon,P.
1026,Kumantsov,A.
1027,Garza,D.
1028,Sanchez,M.
1029,Awadhy,O.
1030,Granollers Pujol,G.
1031,Kuznetsov,An.
1032,Gutierrez-Ferrol,S.
1033,Ramos,A.
1034,Carreno-Busta,P.
1035,Granollers-Pujol,G.
1036,Teixeira,M.
1037,Stebe,C.M.
1038,Cox,D.
1039,Golding,O.
1040,Walter,L.
1041,De Schepper,K.
1042,Wang,J.
1043,Olaso,G.
1044,Kern,R.
1045,Kosakowski,D.
1046,Grigelis,L.
1047,Pavic,M.
1048,Delic,M.
1049,Thiem,D.
1050,Sitak,A.
1051,Chvojka,E.
1052,Pospisil,V.
1053,Jaziri,M.
1054,Dutra Da Silva,R.
1055,Giannessi,A.
1056,Torebko,P.
1057,Rodrigues,M.
1058,Renavand,N.
1059,Li,Z.
1060,Zopp,J.
1061,Nedelko,I.
1062,Bedene,A.
1063,Duckworth,J.
1064,Mitchell,B.
1065,Al Mutawa,J.
1066,Viola,Mat.
1067,Van D. Merwe,I.
1068,Mesaros,K.
1069,Marcan,D.
1070,Kutrovsky,D.
1071,Lajola,D.
1072,Strode,B.
1073,Molteni,A.
1074,Olivetti,A.
1075,Cabal,J.S.
1076,Williams,R.
1077,Delbonis,F.
1078,Idmbarek,Y.
1079,Brugues-Davi,A.
1080,Balazs,A.
1081,Gomez-Herrera,C.
1082,Broady,L.
1083,Fucsovics,M.
1084,Menendez-Maceiras,A.
1085,Trungelliti,M.
1086,Trusendi,W.
1087,Viola,M.
1088,Ehrat,S.
1089,Laaksonen,H.
1090,Meister,N.
1091,Andreozzi,G.
1092,Moriya,H.
1093,Pella,G.
1094,Authom,M.
1095,Novikov,D.
1096,Reix,C.
1097,Vasilevski,A.
1098,Betov,S.
1099,Fidirko,N.
1100,Deen Heshaam,A.
1101,Davydenko,P.
1102,Inglot,D.
1103,Singh,S.
1104,Rosenholm,P.
1105,Stebe,C-M.
1106,Safwat,M.
1107,Ali Mutawa,J.M.
1108,Zayed M.,S.
1109,Smith,J.P.
1110,Saville,L.
1111,Weintraub,A.
1112,Pouille,L.
1113,Alund,M.
1114,Garin,C.
1115,Schwartzman,D.
1116,Veger,F.
1117,Arguello,F.
1118,Reyes-Varela,M.A.
1119,Rachidi,Y.
1120,Granollers,G.
1121,Carballes Baena,R.
1122,Struff,J.L.
1123,Desein,N.
1124,Cecchinato,M.
1125,Kyrgios,N.
1126,Vesely,J.
1127,Basic,M.
1128,Corrie,E.
1129,Edmund,K.
1130,Reid,M.
1131,Ymer,E.
1132,Eriksson,M.
1133,Kozlov,S.
1134,Pavic,A.
1135,Bossel,A.
1136,Langer,N.
1137,Ward,A.
1138,Gonzalez,A.
1139,Salamanca,C.
1140,Estrella Burgos,V.
1141,Barrientos,N.
1142,Londero,J.I.
1143,Gomez,E.
1144,Struvay,E.
1145,Zverev,A.
1146,King,K.
1147,Harrison,C.
1148,Westerhof,B.
1149,Topic,J.
1150,Coric,B.
1151,Setkic,A.
1152,Novak,D.
1153,Peliwo,F.
1154,Mcdonald,M.
1155,Bogaerts,R.
1156,Altamirano,C.
1157,Herbert,P.H.
1158,Khachanov,K.
1159,Karatsev,A.
1160,Djere,L.
1161,Trongcharoenchaikul,W.
1162,Jeong,S.Y.
1163,Chung,H.
1164,Nedovyesov,O.
1165,Sekulic,M.
1166,Mecir,M.
1167,Kokkinakis,T.
1168,Nedunchezhiyan,J.
1169,Ramanathan,R.
1170,Albot,R.
1171,Nedovyesov,A.
1172,Zayed,M.S.
1173,Hossam,K.
1174,Struff,J-L.
1175,Dzumhur,D.
1176,Thompson,J.
1177,Rola,B.
1178,Artunedo Martinavarro,A.
1179,Daniel,T.
1180,Lama,G.
1181,Krstin,P.
1182,Hank,T.
1183,Khaddari,H.
1184,Ciorcila,P.
1185,Basilashvili,N.
1186,Travaglia,S.
1187,Milojevic,N.
1188,Vaisse,M.
1189,Michon,A.
1190,Arnaboldi,A.
1191,Lokoli,L.
1192,Coppejans,K.
1193,Puetz,T.
1194,Smethurst,D.
1195,Olivo,R.
1196,Thompson,C.
1197,Krueger,M.
1198,Diez,S.
1199,Pasha,N.
1200,De Paula,F.
1201,Galovic,V.
1202,Donaldson,J.
1203,Tiafoe,F.
1204,Schnur,B.
1205,Rubin,N.
1206,Giron,M.
1207,Mcgee,J.
1208,Nishioka,Y.
1209,Kohlschreiber,P..
1210,Jasika,O.
1211,Takeuchi,K.
1212,Burquier,G.
1213,Gao,X.
1214,Ouyang,B.
1215,Gerasimov,E.
1216,Herbert,P-H.
1217,Wang,C.
1218,Rublev,A.
1219,Baluda,V.
1220,Gombos,N.
1221,Vanni,L.
1222,Prashanth,V.
1223,Jarry,N.
1224,Escobar,G.
1225,Androic,T.
1226,Quigley,E.
1227,Martin,F.
1228,Bolt,A.
1229,De Greef,A.
1230,Munar,J.
1231,Giustino,L.
1232,Silva,F.
1233,Lestienne,C.
1234,Vega Hernandez,D.
1235,Ilkel,C.
1236,Trinker,B.
1237,Donati,M.
1238,Gaio,F.
1239,Hamou,M.
1240,Halys,Q.
1241,Gigounon,G.
1242,Marterer,M.
1243,Fritz,T.
1244,Demoliner,M.
1245,Sarkissian,A.
1246,Galan,D.E.
1247,Gomez,A.
1248,Trevisan,M.
1249,Eubanks,C.
1250,Hemery,C.
1251,King,D.
1252,Fratangelo,B.
1253,Paul,T.
1254,Shane,R.
1255,Shyla,Y.
1256,Uchiyama,Y.
1257,Niki,T.
1258,Zhang,Ze.
1259,Zhang,Zh.
1260,Ymer,M.
1261,Miedler,L.
1262,Anderson,O.
1263,Kovalik,J.
1264,Zayid M.,S.
1265,Tearney,F.
1266,Barton,M.
1267,Lazov,A.
1268,Kuzmanov,D.
1269,Mmoh,M.
1270,Monteiro,T.
1271,Patino,L.
1272,Gomez,L.
1273,Kicker,N.
1274,Opelka,R.
1275,Ahouda,A.
1276,Carreno Busta,P.
1277,Bautista Agut,R.
1278,Cachin,P.
1279,Linzer,M.
1280,Caruso,S.
1281,Sonego,L.
1282,Ortega-Olmedo,R.
1283,Medvedev,D.
1284,Pavlasek,A.
1285,Bourgue,M.
1286,Samper-Montana,J.
1287,Barrere,G.
1288,Choinski,J.
1289,Escobedo,E.
1290,Willis,M.
1291,Lamasine,T.
1292,Arvidsson,I.
1293,Soderlund,C.
1294,Simonsson,F.
1295,Moeller,M.
1296,Satral,J.
1297,Wessels,L.
1298,Mertl,J.
1299,Nikles,J.
1300,Bellier,A.
1301,Santillan,A.
1302,Cacic,N.
1303,Serdarusic,N.
1304,Lopez-Perez,E.
1305,Shapovalov,D.
1306,Smith,A.
1307,Van Rijthoven,T.
1308,Myneni,S.
1309,Ivashka,I.
1310,Bublik,A.
